TDSFU Daily run: Mon Oct 27 11:18:17 UTC 2025 TDSFU
TDSFU Daily run: Tue Oct 28 04:35:25 UTC 2025 TDSFU
TDSFU Daily run: Wed Oct 29 04:41:03 UTC 2025 TDSFU
TDSFU Daily run: Thu Oct 30 04:34:47 UTC 2025 TDSFU
TDSFU Daily run: Fri Oct 31 04:37:09 UTC 2025 TDSFU
TDSFU Daily run: Sat Nov  1 04:33:03 UTC 2025 TDSFU
TDSFU Daily run: Sun Nov  2 04:35:43 UTC 2025 TDSFU
TDSFU Daily run: Mon Nov  3 04:41:51 UTC 2025 TDSFU
TDSFU Daily run: Tue Nov  4 04:35:25 UTC 2025 TDSFU
TDSFU Daily run: Wed Nov  5 04:35:52 UTC 2025 TDSFU
TDSFU Daily run: Thu Nov  6 04:41:13 UTC 2025 TDSFU
TDSFU Daily run: Fri Nov  7 04:45:40 UTC 2025 TDSFU
TDSFU Daily run: Sat Nov  8 04:33:51 UTC 2025 TDSFU
